,CHROM,GENE,POS,REF,ALT,AA,%Var,QUAL,EFFECT,RES,HGVS_P,%FwdVar,%RevVar,Coverage
0,NC_006273.2,UL97,143177,G,T,p.M460I,0.02916210295728368,766.0,missense_variant,Yes,p.Met460Ile,0.025336927223719677,0.03311074012242626,7321
1,NC_006273.2,UL97,143569,C,T,p.A591V,0.5570175438596491,49314.0,missense_variant,Yes,p.Ala591Val,0.5514069264069265,0.5627777777777778,7328
2,NC_006273.2,UL97,142883,G,T,p.E362D,0.32126293257224403,47390.0,missense_variant,Yes,p.Glu362Asp,0.3123209169054441,0.330135039090263,5613
3,NC_006273.2,UL54,80415,G,A,p.T503I,0.2362135063403126,14579.0,missense_variant,Yes,p.Thr503Ile,0.2435820895522388,0.229020979020979,3397
4,NC_006273.2,UL54,80359,G,A,p.P522S,0.7245562130177515,49314.0,missense_variant,Yes,p.Pro522Ser,0.7288033674082982,0.720442632498544,3401
5,NC_006273.2,UL54,79120,G,T,p.H935N,0.08086253369272237,825.0,missense_variant,No,p.His935Asn,0.07590759075907591,0.08678500986193294,1117
6,NC_006273.2,UL97,143642,G,C,p.M615I,0.04196379594075699,226.0,missense_variant,No,p.Met615Ile,0.04068984101320399,0.04328399888299358,7321
