,CHROM,GENE,POS,REF,ALT,AA,%Var,QUAL,EFFECT,RES,HGVS_P,%FwdVar,%RevVar,Coverage
0,C_AB014381_C_azure,SAg,293,A,G,p.T47A,0.264240827082911,19271.0,missense_variant,No,p.Thr47Ala,0.2593694229625223,0.2693344391457599,9937
1,C_AB014381_C_azure,SAg,636,T,A,p.F161Y,0.7080523196403025,49314.0,missense_variant,No,p.Phe161Tyr,0.7033099297893681,0.7129764632368256,9936
2,C_AB014381_C_azure,SAg,621,G,T,p.W156L,0.9960349735664904,49314.0,missense_variant,No,p.Trp156Leu,0.9972117108145788,0.9948078920041536,9965
3,C_AB014381_C_azure,SAg,581,T,A,p.S143T,0.4023175442163041,45489.0,missense_variant,No,p.Ser143Thr,0.3962605548854041,0.40851151315789475,9883
4,C_AB014381_C_azure,SAg,558,C,A,p.P135H,0.7060964513193813,49314.0,missense_variant,No,p.Pro135His,0.7158102766798419,0.6959221693231215,9973
5,C_AB014381_C_azure,SAg,556,T,A,p.F134L,0.7160194174757282,49314.0,missense_variant,No,p.Phe134Leu,0.7294628751974723,0.7019071310116086,9866
6,C_AB014381_C_azure,SAg,555,T,A,p.F134Y,0.7183241814114297,49314.0,missense_variant,No,p.Phe134Tyr,0.7259814559084632,0.7101783840503673,9961
7,C_AB014381_C_azure,SAg,554,T,A,p.F134I,0.7167267112712301,49314.0,missense_variant,No,p.Phe134Ile,0.7260055754679411,0.7067973577668869,9906
8,C_AB014381_C_azure,SAg,531,T,C,p.I126T,0.9780152671755725,49314.0,missense_variant,No,p.Ile126Thr,0.9643423137876387,0.9924638894703789,9892
9,C_AB014381_C_azure,SAg,633,G,A,p.R160K,0.40904398100351025,40366.0,missense_variant,No,p.Arg160Lys,0.4126984126984127,0.4050796383986225,9905
10,C_AB014381_C_azure,SAg,646,G,T,p.E164D,0.7213215678226965,49314.0,missense_variant,No,p.Glu164Asp,0.7210856795624874,0.7215637346641713,9968
11,C_AB014381_C_azure,SAg,650,G,A,p.A166T,0.08674870334587613,2127.0,missense_variant,No,p.Ala166Thr,0.08188188188188188,0.09177346010748243,9904
12,C_AB014381_C_azure,SAg,741,G,T,p.W196L,0.7211746522411129,49314.0,missense_variant,No,p.Trp196Leu,0.7199344396640033,0.7224295190713101,9969
13,C_AB014381_C_azure,SAg,739,A,G,p.I195M,0.2769514822033029,17224.0,missense_variant,No,p.Ile195Met,0.27898402294141744,0.27491267721388946,9973
