,CHROM,GENE,POS,REF,ALT,AA,%Var,QUAL,EFFECT,RES,HGVS_P,%FwdVar,%RevVar,Coverage
0,A_X51970_A_azure,SAg,315,G,A,p.R54Q,0.9385088393543428,49314.0,missense_variant,No,p.Arg54Gln,0.9294300979519146,0.9473456121343445,9876
1,A_X51970_A_azure,SAg,785,T,C,p.S211P,0.9259894991922456,49314.0,missense_variant,No,p.Ser211Pro,0.9011914543960559,0.9499602859412232,9976
2,A_X51970_A_azure,SAg,486,T,C,p.L111P,0.9755921730175077,49314.0,missense_variant,No,p.Leu111Pro,0.9772679874869656,0.9739572736520854,9971
3,A_X51970_A_azure,SAg,318,C,T,p.S55F,0.06666666666666667,997.0,missense_variant,No,p.Ser55Phe,0.06300211416490487,0.07017189079878665,9913
4,A_X51970_A_azure,SAg,317,T,G,p.S55A,0.06516342573438147,1093.0,missense_variant,No,p.Ser55Ala,0.058303515049463274,0.07179174293268253,9775
